chunk,cum_iters,max_stress,L8_stress,stress_val,volume_val,smooth_val,grad_stress,grad_volume,grad_smooth,sj_tet_pre,sj_surf_pre,sj_tet_post,sj_surf_post,tries,step_size,remeshed
1,20,1.333e+04,6.401e+03,6.027e-02,0,2.591e-02,1.581e+00,0,7.678e-02,1.106e-01,5.413e-01,1.601e-01,5.413e-01,4,1.562e-02,Y
2,40,2.112e+04,7.763e+03,5.102e-02,0,1.989e-02,3.161e-01,0,1.905e-01,9.342e-03,3.279e-01,9.986e-02,3.279e-01,2,3.125e-02,Y
3,60,1.061e+04,4.292e+03,4.647e-02,0,1.774e-02,1.269e+00,0,1.249e-01,1.033e-01,5.066e-01,2.410e-01,4.833e-01,7,1.953e-03,Y
4,80,6.587e+03,2.440e+03,4.227e-02,5.613e-06,1.548e-02,1.271e-01,0,1.240e-01,1.768e-01,4.842e-01,2.009e-01,4.510e-01,1,6.250e-02,Y
5,100,6.930e+03,2.648e+03,4.147e-02,5.887e-06,1.311e-02,1.101e-01,2.690e-02,1.249e-01,1.750e-01,2.858e-01,1.832e-01,2.858e-01,1,6.250e-02,Y
6,120,5.793e+03,2.398e+03,4.041e-02,5.564e-06,1.186e-02,1.103e-01,2.641e-02,1.042e-01,1.932e-01,3.232e-01,1.962e-01,3.232e-01,2,3.125e-02,Y
7,140,6.749e+03,2.502e+03,3.938e-02,4.197e-06,1.133e-02,8.958e-02,2.530e-02,8.403e-02,1.468e-01,3.064e-01,1.996e-01,3.064e-01,1,6.250e-02,Y
8,160,6.448e+03,2.565e+03,3.876e-02,5.337e-06,1.027e-02,1.065e-01,2.127e-02,9.840e-02,1.788e-01,3.151e-01,1.864e-01,3.151e-01,2,1.562e-02,Y
9,180,7.345e+03,2.558e+03,3.822e-02,3.940e-06,9.617e-03,8.626e-02,2.318e-02,9.311e-02,1.822e-01,3.134e-01,1.937e-01,3.134e-01,1,3.125e-02,Y
10,200,6.761e+03,2.472e+03,3.774e-02,4.687e-06,9.063e-03,9.635e-02,1.917e-02,9.383e-02,1.924e-01,3.168e-01,2.075e-01,3.168e-01,2,1.562e-02,Y
